,root-Engineered-Wastewater,root-Environmental-Aquatic,root-Environmental-Terrestrial,root-Host_associated-Human,root-Host_associated-Insecta,root-Host_associated-Mammals,root-Host_associated-Plants
ERR503209,0.001154542,0.012499809,4.991889e-05,0.003584534,1.2636185e-05,0.0015572608,7.787347e-05
ERR503884,5.9604645e-08,6.702542e-05,2.2053719e-06,0.00016158819,2.9802322e-08,4.6491623e-06,1.4901161e-07
ERR503730,0.00027185678,0.00077199936,0.00018900633,0.00046753883,2.2053719e-06,0.0008049011,0.00011730194
ERR503427,0.0,8.293986e-05,2.2947788e-06,0.008009911,0.0,2.2053719e-06,8.940697e-08
ERR503380,5.6028366e-06,0.019616485,0.0006159544,0.0029585361,0.00031900406,0.7924276,0.00063592196
ERR503162,1.7940998e-05,0.00036901236,0.00014144182,0.0009677112,4.2021275e-06,0.0006092191,6.377697e-05
ERR503971,3.6656857e-06,0.00020435452,1.3798475e-05,0.047412217,2.4735928e-06,3.248453e-05,2.682209e-07
ERR504326,4.339218e-05,0.005261779,0.0045449734,0.013855845,1.1593103e-05,0.070500165,8.133054e-05
ERR504481,0.0180403,0.0055626333,0.004547596,0.00082725286,6.467104e-06,2.7298927e-05,5.0365925e-06
ERR504031,4.351139e-06,0.0002809763,7.122755e-05,0.0043444633,2.413988e-06,0.000510782,1.4483929e-05
ERR504450,0.0008004606,0.002229005,4.0471554e-05,0.00095915794,8.7320805e-06,0.001247704,5.915761e-05
ERR503829,1.4007092e-06,0.00032937527,3.9070845e-05,0.002869457,5.0365925e-06,0.00010704994,4.172325e-07
ERR503976,0.0,0.00012212992,7.748604e-07,0.0034307241,0.0,3.3974648e-06,8.940697e-08
ERR504486,2.2262335e-05,0.0028416514,0.00079897046,0.11053085,6.7174435e-05,0.0021371543,0.00018844008
ERR504457,8.940697e-08,0.00012281537,0.013818026,0.0024681091,6.145239e-05,8.702278e-06,0.021776825
ERR504112,2.0712614e-05,0.002600342,0.0021478236,0.0060888827,1.257658e-05,0.011726439,3.6120415e-05
ERR503578,0.0016569793,0.0017463863,0.0007041693,0.10881728,2.193451e-05,8.389354e-05,2.1755695e-06
ERR504205,0.00013327599,0.00063061714,6.66976e-05,0.03425613,5.2154064e-06,0.0018058717,4.518032e-05
ERR503356,6.9737434e-06,0.0011913776,3.9041042e-06,0.0005633533,1.4901161e-07,3.156066e-05,3.874302e-07
ERR503387,0.00015285611,0.0011891425,0.0002439022,0.0049398243,2.413988e-06,2.3961067e-05,3.5613775e-05
ERR503852,0.002153337,0.002993077,6.684661e-05,0.0014766455,1.9133091e-05,0.001109153,1.79708e-05
ERR503420,0.0073073804,0.03338325,0.003722012,0.03562814,5.325675e-05,0.019031942,0.00011381507
ERR504160,7.748604e-07,0.00044044852,1.2516975e-05,0.00013300776,1.847744e-06,2.861023e-05,2.682209e-07
ERR504501,2.2947788e-06,0.00010061264,1.3142824e-05,0.0002477467,4.7683716e-07,2.092123e-05,9.536743e-07
ERR504488,2.0861626e-06,0.0006855726,0.0006518662,0.002540052,1.5199184e-06,0.00036156178,7.897615e-06
ERR503324,2.0861626e-06,0.00021198392,6.2584877e-06,0.0001129508,1.1920929e-07,9.119511e-06,7.1525574e-07
ERR503033,6.556511e-07,9.128451e-05,3.6656857e-06,0.00026777387,1.1920929e-07,1.2129545e-05,2.682209e-07
ERR504038,2.464652e-05,0.00025850534,0.00023421645,0.32235274,6.0796738e-06,0.0013924837,2.1755695e-06
ERR503820,0.0,0.00016787648,3.33786e-06,0.015236795,1.1920929e-07,5.4836273e-05,2.0861626e-07
ERR504459,0.0013396144,0.08338168,0.00016719103,0.0003527403,2.7418137e-06,0.004558593,1.1593103e-05
ERR503117,0.0,2.682209e-07,8.9764595e-05,0.1291703,0.0,7.7188015e-06,9.536743e-07
ERR504353,9.23872e-07,6.905198e-05,4.4107437e-06,0.002455622,5.662441e-07,8.383393e-05,6.2584877e-07
ERR503739,2.360344e-05,0.0037754476,0.00012257695,0.0030266345,2.2053719e-06,0.00011339784,4.6789646e-06
ERR504095,0.00010114908,0.00082561374,0.0050629675,0.0057982206,1.66893e-06,5.8621168e-05,4.7326088e-05
ERR504044,0.00019961596,0.00038146973,0.00017413497,0.00208503,2.8908253e-06,0.000207901,7.596612e-05
ERR504382,3.5762787e-07,0.0003296137,0.00022298098,0.0031241179,4.4703484e-07,9.930134e-05,3.3080578e-06
ERR503389,5.0634146e-05,8.741021e-05,0.00087466836,0.026691616,1.4871359e-05,6.535649e-05,0.0016917884
ERR503110,2.8729439e-05,2.6971102e-05,6.347895e-05,0.00050741434,2.9802322e-07,0.00014233589,8.3476305e-05
ERR503903,1.731515e-05,0.00034335256,6.607175e-05,0.0011823177,1.4603138e-06,0.00021609664,5.1259995e-06
ERR503571,0.036595345,0.0053679347,0.0039798617,0.002330482,1.12354755e-05,4.976988e-05,8.523464e-06
ERR504354,0.00017145276,0.0076049566,0.0007272959,0.2778022,0.00028547645,0.00010326505,5.9515238e-05
ERR503099,8.940697e-08,0.00021097064,0.00012806058,0.004161626,1.1920929e-07,5.1945448e-05,1.5497208e-06
ERR503048,0.00011077523,0.00015723705,5.2034855e-05,0.0071879327,2.413988e-06,0.00024154782,1.0848045e-05
ERR504506,0.00044369698,0.0013036132,0.00033268332,0.3452639,2.5838614e-05,0.000103890896,2.1457672e-06
ERR504270,0.0,2.2947788e-06,2.6851892e-05,0.011117995,0.0,6.109476e-06,5.066395e-07
ERR503484,0.0012325644,0.006337106,0.00012910366,0.001244098,6.1690807e-06,0.00037956238,1.9431114e-05
ERR503034,8.940697e-06,0.00012674928,9.596348e-06,0.00019407272,2.0861626e-07,2.503395e-05,1.2814999e-06
ERR503653,0.0,5.066395e-07,3.9428473e-05,0.02477321,0.0,2.861023e-06,1.7881393e-07
ERR503595,3.0875206e-05,0.0014473796,1.4781952e-05,0.00048586726,7.748604e-07,3.1650066e-05,3.4570694e-06
ERR503544,1.4424324e-05,4.953146e-05,7.0005655e-05,0.0007342994,1.0728836e-06,6.1541796e-05,3.618002e-05
ERR503682,0.0,7.420778e-05,1.2814999e-06,0.00013959408,5.9604645e-08,6.0498714e-06,8.940697e-08
ERR503125,8.940697e-08,0.00018754601,0.00014159083,0.0035077035,1.1920929e-07,6.711483e-05,3.993511e-06
ERR504417,0.0062931776,0.041723073,0.0025079548,0.038663954,4.6133995e-05,0.01973325,9.953976e-05
ERR504361,2.2351742e-05,0.0024610758,0.0001244843,0.0017347038,7.0631504e-06,0.00023955107,1.0430813e-05
ERR504183,1.4007092e-06,6.1541796e-05,4.416704e-05,0.0018264353,3.5762787e-07,4.3302774e-05,6.645918e-06
ERR504245,0.0,5.155802e-06,0.00010880828,0.52552,5.9604645e-08,6.4074993e-06,1.7881393e-07
ERR504533,0.0003398955,0.0037913322,4.2527914e-05,0.0020708144,0.00012049079,0.015717417,0.000254035
ERR503538,1.5109777e-05,0.00013041496,3.9339066e-06,0.00066027045,4.7683716e-07,1.8626451e-05,6.377697e-06
ERR504152,0.0,0.00084504485,1.591444e-05,0.0006593168,1.1920929e-07,6.2286854e-06,2.682209e-07
ERR503812,0.00039607286,0.0051561296,0.00086423755,0.007937729,8.305907e-05,0.011639446,0.0014820695
ERR503316,5.096197e-06,0.00015488267,0.00014597178,0.006481707,8.6426735e-07,0.00024020672,1.6063452e-05
ERR504155,3.4868717e-06,0.00097063184,5.2273273e-05,0.21180564,0.00026112795,0.0054841936,3.0994415e-06
ERR503770,0.0090203285,0.031291008,0.0044701397,0.033405244,6.16312e-05,0.021401644,0.0001487732
ERR503654,2.1755695e-06,0.00153476,4.723668e-05,0.700799,0.00052061677,0.054280937,9.834766e-06
ERR503235,1.4901161e-07,0.0003041327,3.874302e-06,0.0037174523,1.8179417e-06,0.00019362569,2.682209e-07
ERR503543,7.122755e-06,0.00016251206,1.3232231e-05,0.08524442,2.6226044e-06,0.000518471,7.748604e-07
ERR504548,8.34465e-07,0.00086301565,2.9683113e-05,0.0009383857,1.1920929e-06,3.066659e-05,1.2814999e-06
ERR504129,0.000764519,0.018335462,0.0003901422,0.006736994,2.810359e-05,0.00072583556,0.00012469292
ERR504410,5.9604645e-08,0.00028294325,0.00016996264,0.014975429,2.682209e-07,6.958842e-05,3.695488e-06
ERR504071,7.748604e-07,0.00023031235,0.11207402,0.0041233003,0.0,2.2917986e-05,0.00063991547
ERR503247,1.9699335e-05,0.0010450184,0.0016112328,0.0043953955,4.6789646e-06,0.0014876723,2.0354986e-05
ERR503992,3.2782555e-07,0.00036990643,0.0002593398,0.0026186705,3.874302e-07,8.699298e-05,3.606081e-06
ERR503150,0.0,6.2584877e-07,7.417798e-05,0.11016795,0.0,1.013279e-05,1.1622906e-06
ERR504462,0.00020122528,0.0017202497,0.00263983,0.0016482174,4.5597553e-06,0.0011576712,0.00046262145
ERR503469,5.364418e-07,7.247925e-05,2.4497509e-05,0.005133033,1.2814999e-06,0.0011075139,7.2717667e-06
ERR504003,1.1920929e-06,0.00052696466,0.0065309405,0.00067579746,5.841255e-06,0.00017037988,2.0861626e-05
ERR503008,0.00013747811,0.0017775595,0.0032853782,0.002197504,3.993511e-06,0.0032206774,0.0006943047
ERR504546,0.0,2.6881695e-05,9.23872e-07,0.0061769187,0.0,2.5182962e-05,5.9604645e-08
ERR503415,5.9604645e-06,0.00021964312,6.902218e-05,0.121159226,4.7385693e-06,0.00075533986,3.2782555e-07
ERR502980,1.013279e-06,2.2292137e-05,1.1920929e-06,0.00085774064,3.2782555e-07,4.3809414e-06,6.2584877e-07
ERR504237,0.00012800097,0.016477346,0.00057160854,0.0046642423,0.00030580163,0.35997447,0.0002284348
ERR504541,0.00066384673,0.015767276,0.00076046586,0.012992948,2.3514032e-05,0.00093975663,9.897351e-05
ERR502987,2.4616718e-05,0.00021648407,3.120303e-05,0.00033828616,6.556511e-07,3.0249357e-05,4.61936e-06
ERR503860,0.0,7.852912e-05,1.1324883e-06,0.0010006428,0.0,2.6524067e-06,5.9604645e-08
ERR504078,4.7683716e-07,0.0003284216,6.347895e-05,0.00040882826,4.7683716e-07,5.683303e-05,2.5331974e-06
ERR503364,9.223819e-05,0.00021013618,4.9442053e-05,0.0034922361,4.2021275e-06,0.00026616454,8.583069e-06
ERR503995,0.0,0.00020030141,5.811453e-06,0.011470139,1.1920929e-07,4.61936e-05,1.7881393e-07
ERR504465,0.0002347827,0.0010712445,0.0001308918,0.009737223,8.85129e-06,0.0010341704,8.4757805e-05
ERR503714,6.109476e-06,0.00018641353,3.2275915e-05,0.00027182698,5.662441e-07,0.00013297796,1.9967556e-06
ERR502996,3.3468008e-05,0.0037069619,0.0037706494,0.008350968,9.23872e-06,0.021415114,5.2005053e-05
ERR503871,3.2782555e-07,5.7786703e-05,0.0005852878,0.54237485,3.7252903e-06,0.00022494793,5.0395727e-05
ERR503403,8.523464e-06,0.0008343756,9.223819e-05,0.0005746484,9.536743e-07,0.00026908517,3.784895e-06
ERR504069,0.00029876828,0.0039413273,0.0015458763,0.017434418,2.771616e-05,0.011988491,6.848574e-05
ERR504131,0.010633111,0.003858745,0.0033379197,0.0013480186,5.751848e-06,2.8818846e-05,5.4240227e-06
ERR504226,5.543232e-06,0.0033491254,0.001009196,0.0090019405,3.8206577e-05,0.04336101,5.236268e-05
ERR504015,0.0,5.5134296e-06,0.00012290478,0.20681056,5.9604645e-08,1.0997057e-05,1.1026859e-06
ERR503280,1.6331673e-05,0.00030192733,0.00014927983,0.10470495,1.0728836e-05,0.0015461147,2.3245811e-06
ERR503527,1.2755394e-05,0.00093743205,0.002108425,0.25259748,2.7418137e-06,0.00017249584,0.00024208426
ERR503952,5.4836273e-06,0.0012006164,5.6028366e-06,0.010346651,0.00014585257,0.06535265,4.1365623e-05
ERR503520,2.9802322e-07,0.00026395917,1.8686056e-05,0.000724107,2.861023e-06,0.000100284815,2.682209e-07
ERR503287,1.013279e-06,7.915497e-05,7.301569e-06,0.00032433867,1.1920929e-07,9.596348e-06,4.4703484e-07
ERR503190,1.1920929e-07,0.00011715293,1.5199184e-06,4.851818e-05,5.9604645e-08,4.529953e-06,1.1920929e-07
ERR502991,4.723668e-05,0.00035196543,3.117323e-05,0.0014452934,8.6426735e-07,0.000106692314,3.8146973e-06
ERR504136,2.8282404e-05,0.0011877716,0.0014488995,0.0030964017,3.4570694e-06,0.00017273426,0.0001950264
ERR503300,2.0563602e-05,6.0021877e-05,8.285046e-06,0.005976528,2.0861626e-07,6.7561865e-05,1.5497208e-06
ERR503804,0.00010499358,0.0013666451,0.0003155768,0.0006901324,2.1755695e-06,2.092123e-05,1.9967556e-06
ERR503639,5.8680773e-05,5.7011843e-05,4.774332e-05,0.0001887083,1.9669533e-06,1.0997057e-05,9.584427e-05
ERR503133,1.6093254e-06,0.0010342002,0.0015610754,0.012172461,2.0861626e-07,6.0081482e-05,0.00011265278
ERR503645,3.5762787e-06,0.0007764101,0.0008768141,0.002970457,2.0563602e-06,0.0005324185,1.3828278e-05
ERR502998,2.7120113e-06,0.00012382865,8.171797e-05,0.00043785572,8.940697e-08,3.2484531e-06,9.179115e-06
ERR504067,0.0,9.298325e-06,8.6426735e-07,0.039052635,0.0,2.0235777e-05,1.4901161e-07
ERR503555,0.0005270541,0.017164916,0.012269318,0.009573787,0.0005514324,0.00012737513,0.0038683414
ERR503134,1.0102987e-05,0.00060769916,3.311038e-05,0.10571471,1.7881393e-06,0.00043827295,1.847744e-06
ERR503693,0.0,0.00015082955,5.3048134e-06,0.016946465,8.940697e-08,3.5226345e-05,2.0861626e-07
ERR503471,1.41859055e-05,0.0019831657,0.0027893186,0.005713165,9.745359e-06,0.005444795,2.7537346e-05
ERR503010,1.4901161e-07,0.00014036894,3.2544136e-05,0.0016991794,6.2584877e-07,4.2259693e-05,3.5762787e-07
ERR503148,4.10676e-05,0.00014352798,0.0010777116,0.00018829107,1.9669533e-06,0.00056809187,0.00015673041
ERR504143,0.0014774203,0.0006881952,0.003946632,0.1337587,7.7188015e-06,0.00046819448,2.3841858e-06
ERR504192,1.1622906e-06,0.0003106892,5.7816505e-06,0.0012729168,5.662441e-07,5.4478645e-05,2.0861626e-07
ERR503199,2.336502e-05,0.00046926737,4.8935413e-05,0.0011158586,2.682209e-07,6.201863e-05,1.2814999e-05
ERR503438,5.9604645e-06,0.0009292364,0.0012837946,0.0036812723,3.7550926e-06,0.001052916,1.4722347e-05
ERR504345,5.558133e-05,0.0013079643,0.007441312,0.075401396,1.0281801e-05,0.0027450025,0.00028139353
ERR503088,4.029274e-05,0.0009159446,6.9886446e-05,0.06267381,5.3942204e-06,0.0011425614,3.874302e-06
ERR503216,8.291006e-05,0.00018364191,2.7507544e-05,0.0055803955,5.066395e-07,1.0281801e-05,7.748604e-07
ERR503101,5.4836273e-06,6.699562e-05,4.6014786e-05,0.018346906,2.682209e-07,1.7911196e-05,1.3113022e-05
ERR503560,0.00023415685,0.0013038814,0.00043705106,0.0041965246,2.95043e-06,3.5077333e-05,5.1945448e-05
ERR503025,9.2208385e-05,0.0021232069,0.0026701689,0.02156061,7.253885e-05,0.0031541586,0.0003542602
ERR503836,4.172325e-07,0.00020214915,2.0116568e-05,0.0007613301,1.1324883e-06,6.017089e-05,5.662441e-07
ERR503332,3.6358833e-06,0.00014474988,0.00016433,0.77307147,4.529953e-06,0.0013502836,1.1026859e-06
ERR504339,1.013279e-06,0.00013741851,2.5868416e-05,0.013651282,5.722046e-06,0.00070133805,7.748604e-07
ERR503022,6.2584877e-07,9.6440315e-05,5.5134296e-06,0.00023850799,2.0861626e-07,1.3530254e-05,3.874302e-07
ERR503831,0.00011613965,0.0001578033,4.0203333e-05,0.00037434697,1.04010105e-05,0.00016433,2.5302172e-05
ERR503754,0.00043347478,0.00080522895,0.0010742843,0.0006234646,2.771616e-06,0.0007337928,0.0006040931
ERR504171,2.0861626e-07,0.00035184622,8.672476e-06,0.011554182,3.4570694e-06,0.00031125546,5.662441e-07
ERR504510,1.9013882e-05,0.0015918612,0.00045624375,0.0061709583,1.5228987e-05,0.0011891127,2.3424625e-05
ERR504055,1.6987324e-06,3.1381845e-05,3.3318996e-05,0.006598234,1.1026859e-06,0.0001052618,9.4771385e-06
ERR503398,5.64456e-05,0.0064171255,3.939867e-05,0.0057121813,8.6426735e-07,0.0002515614,3.0398369e-06
ERR503728,0.0002632141,0.0001270771,0.00022891164,0.015214801,6.2286854e-06,0.00064849854,1.9013882e-05
ERR503211,3.08156e-05,0.00014984608,6.1690807e-06,0.0071193576,1.1920929e-07,1.4007092e-06,1.1920929e-07
ERR503915,6.5863132e-06,0.00024688244,6.082654e-05,0.006490648,4.9471855e-06,0.0003825426,7.748604e-07
ERR504497,0.00013116002,0.0010145307,0.00022062659,0.015252382,5.096197e-06,0.00046256185,3.734231e-05
ERR503263,5.4836273e-06,0.0020032823,4.1127205e-05,0.005857259,1.4662743e-05,0.00076821446,8.881092e-06
ERR503396,2.2053719e-06,0.00048676133,2.387166e-05,0.0031012297,1.2278557e-05,0.00037774444,7.4505806e-07
ERR503892,0.0019167662,0.007230431,0.026202679,0.1520139,0.004695058,0.018642068,0.0068826675
ERR503081,6.467104e-06,0.000100016594,1.3113022e-06,0.0020259619,2.9802322e-07,1.1146069e-05,6.854534e-07
ERR503108,0.0001296401,0.0004930794,0.00027164817,0.00041368604,7.122755e-06,0.0007247329,6.175041e-05
ERR503569,0.0024451315,0.0347026,0.0017234385,0.20308787,3.7252903e-05,1.564622e-05,4.014373e-05
ERR504562,0.00034034252,0.00022673607,0.0066931844,0.00024038553,1.0341406e-05,0.0005764961,0.005345732
ERR503057,0.00014576316,0.0039350092,8.946657e-05,0.0016376078,0.00010430813,0.023014605,0.00033771992
ERR503340,9.4890594e-05,0.0025110245,0.056767613,0.001501441,7.95722e-06,0.012535363,0.031888485
ERR502972,0.0001399517,0.0018800497,5.5521727e-05,0.0012760162,6.300211e-05,0.0070995092,0.00012141466
ERR503086,7.0631504e-06,0.0010749996,0.0018957555,0.0029970706,5.0365925e-06,0.0011334717,1.5199184e-05
ERR504213,0.0,9.724498e-05,9.864569e-06,0.022746027,0.0,4.7683716e-06,8.940697e-08
ERR503679,4.172325e-07,0.0001758039,2.0563602e-05,0.00056529045,2.0861626e-07,6.479025e-05,1.2218952e-06
ERR504565,6.765127e-06,0.00014162064,0.000118643045,0.62613904,5.3346157e-06,0.0012605488,1.4603138e-06
ERR504490,6.997585e-05,0.00040143728,0.02907604,0.00051501393,2.503395e-06,0.00059875846,0.0005055666
ERR504337,5.9604645e-08,0.00016090274,7.897615e-06,0.01448366,4.4703484e-07,0.00012588501,5.066395e-07
ERR503264,1.23381615e-05,0.0030352473,0.021267116,0.0037514865,2.3305416e-05,0.0021162033,0.00044488907
ERR504178,0.0006365478,0.001981914,0.0078219175,0.0118469,4.6789646e-06,0.00024223328,0.00016358495
ERR503960,1.6748905e-05,0.0015539825,0.00022530556,0.0011823475,1.6331673e-05,0.001414746,2.2619963e-05
ERR503939,4.2021275e-06,0.0008023381,0.001201868,0.0032640994,3.0696392e-06,0.0008121133,1.1980534e-05
ERR504540,1.8030405e-05,0.00043353438,2.4497509e-05,0.0027665496,4.887581e-06,0.0004157126,5.155802e-06
ERR504418,0.0025980175,0.09794921,0.22934976,0.03957531,0.0022458732,0.07787204,0.11098111
ERR503365,0.0023454428,0.36158052,0.010436684,0.058072537,0.00014272332,0.3726894,0.0012165308
ERR503187,6.4373016e-06,4.6640635e-05,1.090765e-05,0.00035768747,5.9604645e-08,1.4662743e-05,2.5629997e-06
ERR503994,0.0,0.00021573901,0.00011661649,0.0036772788,1.4901161e-07,5.057454e-05,1.5199184e-06
ERR503945,5.567074e-05,0.00041782856,8.934736e-05,0.7322552,2.7805567e-05,0.00026905537,1.013279e-06
ERR503537,6.5892935e-05,0.00092706084,0.0006451905,0.0008199215,4.7683716e-07,7.31647e-05,5.5134296e-06
ERR503156,5.2452087e-06,0.0023250282,0.038482517,0.0077397227,5.722046e-06,0.00063320994,0.002897799
ERR504464,0.0,2.413988e-06,8.046627e-07,0.68315065,0.0,1.1920929e-07,0.0
ERR503180,1.3291836e-05,0.00095939636,0.00057160854,0.0017977655,2.5629997e-06,6.169081e-05,1.6212463e-05
ERR503627,4.8577785e-06,0.00040352345,0.064102024,0.000119268894,2.0861626e-07,0.00035101175,0.013703704
ERR503246,0.00022536516,0.003624916,6.2823296e-05,0.0047853887,1.2367964e-05,0.0011540353,1.1444092e-05
ERR503530,0.0,2.9802322e-06,0.0001758039,0.24701038,0.0,4.4703484e-06,1.7881393e-07
ERR503942,4.8428774e-05,0.0086401105,0.0019065738,0.00820899,2.193451e-05,5.1110983e-05,0.0013769567
ERR503151,1.9073486e-06,8.845329e-05,6.824732e-06,4.503131e-05,1.1920929e-07,6.3180923e-06,6.2584877e-07
ERR504463,1.1563301e-05,0.0005810559,4.4226646e-05,0.00040391088,8.940697e-07,2.3186207e-05,2.5331974e-06
ERR503075,8.940697e-08,0.0007045269,0.00024873018,0.0013824403,2.0861626e-07,3.4451485e-05,1.758337e-06
ERR503362,9.179115e-05,0.0002310276,4.9710274e-05,0.011802405,1.6391277e-06,0.00020441413,6.2286854e-06
ERR504535,1.4901161e-07,0.00011342764,0.017418653,0.0063900054,0.00024327636,6.5863132e-06,0.04629773
ERR504292,2.3424625e-05,0.0016326606,0.001429528,0.010475069,1.0728836e-05,0.0031243265,2.092123e-05
ERR503814,0.0004672706,0.0031742454,0.0044959486,0.018698812,2.7477741e-05,0.0002643168,0.000138551
ERR503655,7.596612e-05,0.00024285913,7.280707e-05,0.1034767,0.00013172626,0.000561893,0.00024068356
ERR503593,8.940697e-06,0.0011507869,0.000166744,0.00046414137,3.4302473e-05,0.0008766949,1.3411045e-05
ERR503542,3.6269426e-05,0.00048193336,0.00039702654,0.034826517,3.8146973e-06,0.0004413128,2.4735928e-06
ERR503930,2.3186207e-05,8.311868e-05,1.92523e-05,0.00053313375,1.937151e-06,9.8109245e-05,4.917383e-06
ERR503123,2.682209e-07,0.0003015995,0.00023511052,0.0035605133,3.2782555e-07,8.830428e-05,2.9802322e-06
ERR503868,0.029275984,0.001614213,9.179115e-05,4.172325e-05,0.017197073,4.7773123e-05,0.80254793
ERR504411,0.0023736954,0.0024461448,0.0018095672,0.0057424605,0.0013628006,0.0008254647,0.0016166568
ERR504070,2.899766e-05,0.00033667684,0.00011727214,0.010888606,3.0696392e-06,0.0005568564,4.0501356e-05
ERR504367,1.6540289e-05,0.00029927492,2.026558e-06,0.004342675,1.7523766e-05,0.0002963543,8.881092e-06
ERR503652,8.904934e-05,0.0010101497,0.0003118217,0.022879273,5.2183867e-05,0.0010281205,0.00030517578
ERR504238,8.940697e-08,6.8336725e-05,3.5762787e-06,0.004337013,5.9604645e-08,5.4210424e-05,2.0861626e-07
ERR502988,0.00051510334,0.002366811,0.017878413,0.0077456236,1.5974045e-05,0.0059564114,0.014422506
ERR504077,1.9073486e-06,0.00082325935,1.385808e-05,0.0013776124,1.0728836e-06,2.5242567e-05,2.4437904e-06
ERR504182,3.874302e-07,5.733967e-05,5.1259995e-06,0.00018239021,8.940697e-08,9.298325e-06,3.2782555e-07
ERR503189,4.053116e-06,0.00094243884,0.0016853213,0.0014953017,1.5497208e-06,5.0216913e-05,2.0682812e-05
ERR503000,1.6987324e-06,6.225705e-05,1.4007092e-06,0.0002361536,8.940697e-08,6.645918e-06,3.2782555e-07
ERR503111,0.00017270446,0.0010607541,0.00015872717,0.00062194467,2.5331974e-06,0.00033569336,2.9921532e-05
ERR503206,1.168251e-05,0.00032946467,0.00010225177,0.0025850236,3.0696392e-06,0.00047525764,1.9848347e-05
ERR503667,0.0,9.4771385e-06,0.000115543604,0.06125903,0.0,1.090765e-05,1.7881393e-07
ERR504355,0.0019938946,0.0031259358,0.0009880364,0.0027458668,4.9710274e-05,4.3720007e-05,0.0005172789
ERR504093,0.0002143681,0.0018294752,2.6971102e-05,0.0011583865,1.1563301e-05,0.0017773807,2.488494e-05
ERR503049,5.7816505e-06,0.006435454,3.221631e-05,0.004225403,1.013279e-06,0.00015735626,1.6391277e-06
ERR504042,1.5676022e-05,5.415082e-05,1.8268824e-05,5.429983e-05,0.0,7.4505806e-07,9.357929e-06
ERR504384,1.5497208e-06,0.00018301606,1.1026859e-06,0.11031875,1.1622906e-06,0.000233531,7.1525574e-07
ERR503792,4.4703484e-06,0.0002632439,0.00021323562,0.0023877323,5.066395e-07,0.0001308322,4.351139e-06
ERR504500,8.404255e-06,0.0008444488,0.0009035766,0.0024093986,2.2649765e-06,0.00066643953,1.0162592e-05
ERR503482,0.000113636255,0.00022274256,9.10759e-05,0.00017341971,2.9802322e-07,9.718537e-05,2.5182962e-05
ERR504489,0.007613927,0.03455484,0.0032221973,0.030606776,4.7832727e-05,0.017624676,0.00012275577
ERR503795,2.2053719e-06,0.00019493699,6.7055225e-06,7.8469515e-05,1.7881393e-07,7.867813e-06,3.2782555e-07
ERR504458,9.5278025e-05,0.00043714046,0.002606988,0.84885097,7.2836876e-05,0.002637148,1.835823e-05
ERR503116,1.4901161e-06,0.0013929904,2.592802e-06,0.00086310506,8.6426735e-07,3.2812357e-05,5.066395e-07
ERR503905,1.3977289e-05,0.0006059706,0.00012207031,0.0011921525,1.1920929e-06,2.2113323e-05,9.536743e-07
ERR504045,3.963709e-06,0.0011074245,0.0007211268,0.49580395,8.940697e-08,2.2143126e-05,0.00011122227
ERR503388,8.940697e-08,6.279349e-05,1.3530254e-05,0.0019036233,2.9802322e-08,2.3007393e-05,6.2584877e-07
ERR504320,1.1026859e-06,0.0001989901,5.13196e-05,0.0009047389,5.066395e-07,0.0001784265,5.275011e-06
ERR503118,6.854534e-07,0.0003143549,8.404255e-06,0.00015285611,1.1920929e-07,2.604723e-05,1.7881393e-07
ERR504113,9.614229e-05,0.00051519275,2.2739172e-05,0.00039485097,3.1292439e-06,6.633997e-05,8.583069e-06
ERR503579,3.5583973e-05,0.00082859397,0.0014092326,0.008246839,2.7418137e-06,0.0013789237,2.0742416e-05
ERR504572,6.785989e-05,0.0068665445,0.0002104044,0.0016819537,0.0003194809,0.24860314,8.273125e-05
ERR503882,0.00035876036,0.29213083,0.008789808,0.5736671,0.0011577606,0.010719448,0.01010102
ERR503357,1.5974045e-05,4.5597553e-05,1.3202429e-05,0.0039052963,6.556511e-07,3.620982e-05,5.543232e-06
ERR503040,2.30968e-05,0.0011860132,3.4213066e-05,0.00082188845,6.2584877e-06,0.00028082728,1.3560057e-05
ERR504114,0.0015126169,0.0004081726,0.0013290942,0.0021278262,0.00017306209,0.00043550134,0.0003067851
ERR504203,0.0007008314,0.0013398826,0.0005289316,0.18829376,2.2441149e-05,9.775162e-05,2.0563602e-06
ERR503669,1.7285347e-06,0.00019708276,0.00013744831,0.0010097921,1.4007092e-06,5.760789e-05,8.6426735e-07
ERR503885,3.3676624e-06,0.00090527534,0.0001423657,0.003732711,3.33786e-06,0.00026211143,4.0233135e-06
ERR503047,0.001100421,0.0004337728,0.00061282516,0.012233108,4.4554472e-05,0.00046890974,0.00030377507
ERR503426,3.6358833e-06,0.0015062094,3.644824e-05,0.0010648966,2.026558e-06,4.2915344e-05,2.026558e-06
ERR503828,1.3709068e-06,0.00071161985,7.7188015e-06,0.0021832585,5.841255e-06,0.00018361211,3.2782555e-07
ERR503437,8.016825e-05,0.0052268207,2.0474195e-05,0.0023954213,6.2584877e-07,0.00026631355,4.798174e-06
ERR504440,8.34465e-07,0.0004171133,0.00021848083,0.0017989278,4.4703484e-07,0.00012248755,3.4570694e-06
ERR503839,6.0886145e-05,0.0009024441,0.0022527874,0.0021173358,1.7821789e-05,0.0013425052,0.0006579757
ERR504336,0.0008881688,0.023728907,0.00037908554,0.013575226,2.0354986e-05,0.0008838177,0.0001410842
ERR503265,2.0354986e-05,0.0001398921,4.401803e-05,0.08113745,1.2814999e-06,0.00030341744,1.013279e-06
ERR504179,5.9604645e-08,0.00015237927,1.1622906e-06,0.012523353,1.4901161e-07,6.2555075e-05,1.1920929e-07
ERR503513,3.427267e-06,0.0007903278,4.708767e-06,0.0004350245,6.854534e-06,9.0658665e-05,9.23872e-07
ERR503961,1.2218952e-06,7.894635e-05,4.4703484e-06,0.00091695786,8.940697e-08,4.5597553e-06,1.1920929e-07
ERR504496,1.0430813e-06,0.00019714236,2.7000904e-05,0.0077951252,4.3213367e-06,0.0003786087,6.854534e-07
ERR504331,2.9087067e-05,0.00013899803,8.314848e-06,0.07019785,8.940697e-08,5.066395e-07,1.4901161e-07
ERR504269,1.1026859e-06,0.00023299456,0.022646427,0.0012827218,1.7881393e-06,1.2218952e-05,0.0014023185
ERR503262,1.1920929e-07,4.5597553e-05,1.1920929e-06,0.00013163686,5.9604645e-08,6.645918e-06,1.7881393e-07
ERR503175,0.00057929754,0.0011105537,0.0028104186,0.0035580993,5.275011e-05,0.0018206239,0.0012511313
ERR503966,1.603365e-05,8.416176e-05,1.7404556e-05,0.0024472177,1.9073486e-06,0.00036215782,7.5399876e-06
ERR503514,1.6748905e-05,5.930662e-05,9.8884106e-05,0.00048419833,2.503395e-06,0.000114291906,8.6545944e-05
ERR503051,0.00044637918,0.021306127,0.00023171306,0.007345319,3.477931e-05,8.237362e-05,0.0035354495
ERR503842,1.3649464e-05,0.00097212195,0.00085636973,0.001483947,1.758337e-06,0.00057423115,1.0758638e-05
ERR502974,0.0150696635,0.00501135,0.01965943,0.0091199875,0.0027177334,0.0018595457,0.0045637786
ERR504102,3.3915043e-05,0.00042769313,8.6188316e-05,0.0070354342,4.142523e-06,0.00094234943,2.0563602e-05
ERR504563,2.1636486e-05,4.5597553e-05,6.467104e-06,0.006866455,6.854534e-07,2.104044e-05,4.0233135e-06
ERR503568,3.8802624e-05,0.0008883774,0.00035056472,0.0057329834,4.0233135e-06,0.0005069673,5.441904e-05
ERR503442,1.7881393e-07,0.00015637279,2.682209e-07,0.0010775328,8.6426735e-07,4.2021275e-06,2.0861626e-07
ERR503830,2.413988e-06,5.185604e-05,9.208918e-06,4.6104193e-05,8.940697e-08,6.7949295e-06,1.013279e-06
ERR504449,7.4505806e-06,0.0005005598,6.943941e-06,0.00083371997,1.1920929e-07,6.958842e-05,4.4703484e-07
ERR504498,0.00010421872,0.002481103,2.4735928e-05,0.0009214878,9.483099e-05,0.010741234,8.505583e-05
ERR503755,1.9967556e-06,0.00015696883,3.5464764e-06,0.00010073185,1.1920929e-07,4.440546e-06,4.172325e-07
ERR504170,1.7225742e-05,0.00022676587,0.00012204051,0.0007289946,3.606081e-06,0.00086542964,2.092123e-05
ERR504343,2.1070242e-05,0.0020997524,0.00015750527,0.0011216402,1.2636185e-05,0.00043275952,1.3560057e-05
ERR503729,5.066395e-07,0.00019407272,3.4064054e-05,0.0005595982,1.3411045e-06,5.2809715e-05,3.5762787e-07
ERR503210,0.000554353,0.0008393824,0.00013047457,0.007429987,8.136034e-06,0.00090909004,3.4183264e-05
ERR503058,3.0696392e-05,0.00078707933,0.0015282333,0.16952914,2.8192997e-05,0.0020313263,3.2365322e-05
ERR504395,0.0349454,0.0070593655,0.0037626624,0.0007120967,8.255243e-06,3.0219555e-05,5.0365925e-06
ERR503439,2.682209e-07,0.0008366406,9.089708e-06,0.001291275,8.6426735e-07,2.0116568e-05,6.854534e-07
ERR503676,0.00011253357,0.0012091398,0.00078067183,0.013618648,2.9623508e-05,0.0016948581,9.7095966e-05
ERR503100,0.0001373589,0.00016638637,0.00012013316,0.0025726855,4.4703484e-06,0.00029087067,2.0593405e-05
ERR503494,5.7816505e-06,0.0005327165,0.0001245141,0.0025708377,1.1920929e-06,0.00012880564,1.1920929e-06
ERR504516,2.0861626e-06,0.00016790628,3.3408403e-05,0.004989743,3.8444996e-06,0.00044053793,7.748604e-07
ERR504371,2.4020672e-05,0.00026875734,4.3034554e-05,0.006866485,3.9339066e-06,0.00029668212,2.95043e-06
ERR502999,5.9604645e-08,8.59499e-05,7.480383e-06,0.0024125874,2.0861626e-07,3.3318996e-05,5.066395e-07
ERR503692,3.787875e-05,0.00034844875,0.00043976307,0.88254714,5.3942204e-06,0.0013056099,4.261732e-06
ERR503585,0.0009403229,0.0248048,0.0007022917,0.020618796,2.3901463e-05,0.0013206601,0.00014919043
ERR503767,0.00015214086,0.004267186,0.00864175,0.0027250946,8.225441e-06,0.02736625,0.010476977
ERR503306,1.1622906e-06,0.00017929077,3.117323e-05,0.037377834,7.3611736e-06,0.0010226071,6.2584877e-07
ERR503470,0.008091718,0.0411188,0.00014638901,0.044376016,4.9710274e-05,0.0048983395,0.00024586916
ERR504142,1.630187e-05,0.0060785115,0.022635132,0.0072820187,0.00035613775,0.0043151975,0.0019610524
ERR503149,0.0010800064,0.03608519,0.0017298758,0.36138773,1.1593103e-05,6.2584877e-06,7.8201294e-05
ERR503760,8.046627e-07,0.00013065338,4.1514635e-05,0.019878864,3.9339066e-06,0.0005158186,1.013279e-06
ERR503301,2.8312206e-06,0.00029304624,4.607439e-05,0.00524199,2.5629997e-06,0.000223279,3.4570694e-06
ERR503805,5.5223703e-05,0.00062149763,5.9217215e-05,0.007499099,3.4570694e-06,0.00034931302,1.1175871e-05
ERR504524,9.0420246e-05,0.005661547,1.40070915e-05,0.41646457,0.06754029,0.0318785,1.5884638e-05
ERR503288,4.3690205e-05,0.0007687509,0.0008523464,0.0010918677,3.7252903e-06,0.00020828843,8.0406666e-05
ERR504145,1.7881393e-07,0.00021776557,4.1127205e-06,0.005370617,4.4703484e-07,5.969405e-05,2.0861626e-07
ERR503259,4.5001507e-06,3.3020973e-05,2.18153e-05,0.0016623139,2.3841858e-07,4.6044588e-05,2.8312206e-06
ERR503879,1.3411045e-06,0.00042900443,2.0563602e-06,0.03506151,4.4107437e-06,8.264184e-05,5.662441e-07
ERR503553,4.1127205e-06,0.0007914007,0.0010322928,0.0035849214,3.2186508e-06,0.00088733435,1.2487173e-05
ERR504558,8.940697e-08,0.00013002753,3.606081e-06,4.3302774e-05,2.9802322e-08,6.824732e-06,1.1920929e-07
ERR503132,1.6987324e-06,4.0113926e-05,3.2782555e-06,0.0043326914,2.9802322e-07,6.6280365e-05,1.013279e-06
ERR503695,0.0,1.0371208e-05,0.00042939186,0.17479777,1.7881393e-07,1.847744e-05,1.1920929e-06
ERR504139,9.23872e-07,5.725026e-05,3.129244e-05,0.99209565,6.2584877e-06,0.00038012862,3.2782555e-07
ERR503644,8.046627e-06,0.00018468499,1.3917685e-05,0.0005595088,4.4703484e-07,2.5302172e-05,2.3245811e-06
ERR504589,3.9488077e-05,0.0050674677,0.0010578036,0.00564608,7.7307224e-05,0.031528205,8.21352e-05
ERR503225,3.6656857e-06,0.0008685589,0.0008420646,0.0017745495,1.9967556e-06,0.00042700768,9.536743e-06
ERR504013,0.00012180209,0.00096935034,2.938509e-05,0.0010024905,0.000390023,0.0016655624,8.9883804e-05
ERR503521,5.096197e-06,0.00086688995,0.0004995465,0.0014481843,1.5199184e-06,0.00042769313,5.90086e-06
ERR503140,4.1157007e-05,0.0005734265,7.367134e-05,0.004881084,9.894371e-06,0.001685679,5.2452087e-05
ERR503257,2.604723e-05,0.002197951,0.00027099252,0.048614204,0.0015899837,0.0001527965,0.00029176474
ERR504378,8.940697e-08,0.00013998151,2.682209e-06,0.0026070178,8.940697e-08,1.7642975e-05,2.3841858e-07
ERR504587,3.606081e-06,0.0011770129,3.707409e-05,0.0015112758,2.3245811e-06,5.2273273e-05,2.8908253e-06
ERR504220,0.001369834,0.0008085072,0.0011992455,0.0048656166,6.261468e-05,0.00074175,0.0005494952
ERR503715,4.261732e-06,0.00039622188,4.0262938e-05,0.00020033121,0.0,8.6426735e-07,1.2099743e-05
ERR502997,0.00039595366,0.0031679869,4.87864e-05,0.0012471974,1.2516975e-06,0.0005155802,9.864569e-06
ERR504130,1.2427568e-05,0.0016154349,0.0013316274,0.001530379,6.198883e-06,0.0004658401,3.3169985e-05
ERR504580,9.030104e-06,0.0009700358,0.19441229,0.000443995,5.662441e-07,0.0009126067,0.010334343
ERR503147,5.725026e-05,0.0017068982,0.00012430549,0.0007569194,1.013279e-06,5.298853e-05,2.3961067e-05
ERR503250,8.225441e-06,0.000118762255,3.4600496e-05,0.0012455285,2.592802e-06,0.0017731488,6.377697e-06
ERR503789,7.408857e-05,4.377961e-05,6.458163e-05,0.022692591,4.1127205e-06,0.00029724836,2.4735928e-06
ERR504025,1.8924475e-05,0.0024740696,0.003337741,0.005750656,9.596348e-06,0.006531477,2.926588e-05
ERR503758,0.0008701086,0.0017388463,0.0057572126,0.003570497,0.00019079447,0.0017402172,0.0020501018
ERR503841,1.3113022e-06,5.888939e-05,3.668666e-05,0.0007300675,1.4901161e-07,1.2606382e-05,1.1622906e-05
ERR503724,1.847744e-05,0.0007786751,0.00030699372,0.0065768063,2.115965e-06,0.0009211302,1.7493963e-05
ERR502977,5.066395e-07,4.1872263e-05,3.451109e-05,0.99054515,2.6524067e-06,0.00020170212,2.9802322e-07
ERR504216,0.003366232,0.0059151947,3.388524e-05,0.009082466,1.2814999e-06,0.00013294816,0.00015249848
ERR503919,1.168251e-05,0.0007144213,0.0010575652,0.0071401,2.861023e-06,0.0010373592,2.0772219e-05
ERR503846,5.13494e-05,0.0005865991,0.01687184,0.0020142794,5.7816505e-06,0.00047558546,0.0026347637
ERR503393,2.0861626e-06,5.0753355e-05,4.6283007e-05,0.9489125,1.9669533e-06,0.0003644824,5.9604645e-07
ERR503084,9.4771385e-06,0.0022737384,7.125735e-05,0.0019584298,2.592802e-06,7.393956e-05,3.784895e-06
ERR504349,4.4703484e-07,0.0007033944,1.7881393e-05,0.00021955371,3.5762787e-07,1.9222498e-05,2.9802322e-07
ERR504106,4.7534704e-05,0.0016735494,0.023800492,0.0061900616,4.0233135e-06,0.0007273853,0.0011388361
ERR503848,2.9802322e-08,2.6017427e-05,0.00037062168,0.7174847,2.682209e-07,2.9325485e-05,1.5586615e-05
ERR504431,7.107854e-05,0.00027683377,0.00014653802,0.054988563,3.427267e-06,0.0006737709,2.2649765e-06
ERR504050,2.1219254e-05,0.0009280145,0.008081257,0.008518666,6.854534e-07,0.0011399686,0.010220408
ERR503899,4.374981e-05,0.0012078583,0.0003567338,0.0022679567,6.619096e-05,0.0013456047,0.00020241737
ERR503214,2.2947788e-06,0.0015394688,4.74751e-05,0.00034037232,4.172325e-06,0.00025445223,1.013279e-06
ERR504108,0.00013709068,0.0005363524,0.0020817518,0.0015914738,1.1920929e-06,0.0003376305,7.370114e-05
ERR503834,0.0,1.31726265e-05,4.5597553e-06,0.012068033,0.0,1.5050173e-05,3.5762787e-07
ERR503751,0.001396507,0.00011894107,0.00016567111,0.00043538213,1.4901161e-07,6.368756e-05,1.9997358e-05
ERR503497,1.0937452e-05,0.00047460198,0.00012457371,0.0004079044,2.0861626e-07,4.5776367e-05,2.0861626e-06
ERR504263,1.6450882e-05,0.00017559528,1.0102987e-05,0.19210413,3.963709e-06,0.000112593174,5.930662e-06
ERR503268,7.042289e-05,0.0002398789,3.5971403e-05,0.0018596053,2.026558e-06,7.596612e-05,0.00011304021
ERR503441,3.6656857e-06,0.0036785305,0.00077944994,0.0017485917,0.00011128187,0.1001676,2.1457672e-06
ERR503020,0.00034540892,0.002037108,0.001499325,0.006193012,1.1533499e-05,0.010802209,0.001901865
ERR503787,4.7922134e-05,0.0010611117,0.00013533235,0.0005710721,1.013279e-06,1.21593475e-05,1.2814999e-06
ERR503490,5.6922436e-05,0.0062610805,0.0043412745,0.017890543,1.4036894e-05,0.10496789,0.00010180473
ERR504264,1.0192394e-05,0.0004914403,5.722046e-06,0.0020721555,0.00012117624,0.26292133,0.00016108155
ERR503519,5.057454e-05,0.001013875,2.3573637e-05,0.0004182756,2.759695e-05,0.0015162528,2.7030706e-05
ERR504436,4.440546e-06,0.00027024746,0.00013285875,0.00048965216,7.1525574e-07,0.0001424551,1.12354755e-05
ERR504340,3.2901764e-05,0.0025449395,0.0001232326,0.0020530522,3.427267e-06,0.00011870265,9.953976e-06
ERR503213,8.645654e-05,0.00040188432,7.843971e-05,0.0035382807,3.6358833e-06,0.0003965497,2.9474497e-05
ERR503565,2.4735928e-06,0.0004928708,0.00011730194,0.00055122375,1.3232231e-05,0.0005041361,7.480383e-06
ERR503302,0.0056375563,0.0017803907,0.00331226,0.014863759,7.390976e-06,0.00012609363,6.3180923e-06
ERR503763,6.2584877e-07,0.0002233088,4.7534704e-05,0.00082218647,2.592802e-06,0.0001346767,4.7683716e-07
ERR503474,5.6177378e-05,0.007077545,0.0040652156,0.021956116,1.8447638e-05,0.13515696,0.00015190244
ERR504146,2.9802322e-08,5.4329634e-05,4.4703484e-07,0.006250739,2.9802322e-07,8.442998e-05,1.4901161e-07
ERR504251,3.2782555e-07,0.000154078,1.5735626e-05,0.21578124,5.3346157e-06,0.0013038516,4.172325e-07
ERR503408,3.799796e-05,0.00030863285,8.699298e-05,0.79340255,3.0100346e-05,0.00037881732,9.834766e-07
ERR504403,1.6182661e-05,6.0796738e-05,4.643202e-05,0.0003479123,5.9604645e-07,6.106496e-05,7.5399876e-06
ERR503581,3.501773e-05,0.00043323636,4.9471855e-05,0.012006909,1.0728836e-06,0.000611186,7.122755e-06
ERR503226,7.748604e-07,0.00020217896,3.6805868e-05,0.0015881062,2.0861626e-07,6.210804e-05,8.940697e-07
ERR503647,7.897615e-06,0.0011844337,0.00050115585,0.0017176569,2.861023e-06,0.00042968988,9.268522e-06
ERR503379,4.464388e-05,0.0006504059,4.6163797e-05,0.0022087991,8.34465e-07,0.00016543269,3.993511e-06
ERR503718,1.2695789e-05,0.00022166967,2.2113323e-05,0.0016590953,7.1525574e-07,1.6003847e-05,4.172325e-07
ERR503557,4.0233135e-06,0.00027301908,3.6358833e-06,0.07154822,6.2584877e-07,9.414554e-05,8.34465e-07
ERR503305,7.778406e-06,0.00060611963,0.0004287958,0.0054436326,2.592802e-06,0.0005033314,7.867813e-06
ERR503959,4.6789646e-06,0.00014328957,5.543232e-06,0.0013564527,1.1920929e-07,3.874302e-06,1.4901161e-07
ERR504287,3.8146973e-06,0.00018575788,3.8146973e-06,0.004107654,1.4007092e-06,7.399917e-05,7.748604e-07
ERR503716,7.6293945e-06,0.00012737513,2.4199486e-05,0.00038823485,3.5762787e-07,6.568432e-05,1.7881393e-06
ERR503401,0.0,0.00015887618,7.599592e-05,0.0061229765,5.9604645e-08,3.3676624e-05,1.013279e-06
ERR503873,1.013279e-06,0.0005751252,1.2487173e-05,0.002313763,2.9951334e-05,0.00043717027,6.2584877e-07
ERR502994,2.3186207e-05,0.0024302304,0.0006107688,0.0020883083,3.8653612e-05,0.0039326847,5.081296e-05
ERR503138,2.115965e-06,0.00013959408,2.7120113e-05,0.056915283,1.3411045e-06,0.0007814765,6.556511e-07
ERR504133,0.00035205483,0.00048685074,0.00086167455,0.006102562,0.00011506677,0.000100553036,0.011437893
ERR503559,7.122755e-05,0.00081172585,0.0001347363,0.029990643,8.076429e-06,0.0013045073,1.9073486e-05
ERR504583,0.00011789799,0.004583508,0.010273308,0.008367062,3.683567e-05,0.005947441,0.010217607
ERR503588,1.7881393e-07,4.130602e-05,0.00063434243,0.014110565,1.7881393e-07,4.5657158e-05,1.847744e-06
ERR504300,2.1755695e-06,6.970763e-05,4.827976e-06,0.00012689829,1.1920929e-07,1.2814999e-06,2.115965e-06
ERR504476,1.7285347e-06,0.00030601025,1.3679266e-05,0.0029713213,1.1026859e-06,7.5638294e-05,2.3245811e-06
ERR504289,3.33786e-06,0.0002592504,1.001358e-05,7.0512295e-05,1.7881393e-07,1.12354755e-05,4.4703484e-07
ERR503525,0.0036608279,0.0018568635,0.0029255152,0.0034614205,4.7385693e-06,3.2693148e-05,5.185604e-06
ERR503282,4.2289495e-05,0.0053833723,0.0046516955,0.0131626725,1.1503696e-05,0.075618386,8.144975e-05
ERR503986,0.0005351007,0.0004003048,0.00044682622,0.020573497,0.00019901991,0.0006557107,0.016451746
ERR503632,6.2584877e-06,0.00012630224,1.5258789e-05,5.3316355e-05,2.682209e-07,1.2755394e-05,2.115965e-06
ERR504307,9.4771385e-06,0.0010994971,6.753206e-05,0.0005647242,3.0428171e-05,0.00023835897,8.6426735e-07
ERR504010,3.516674e-06,4.5716763e-05,5.6922436e-06,0.00016835332,1.1920929e-07,9.506941e-06,1.1026859e-06
ERR504148,0.001308471,0.00075536966,0.001080364,0.13342643,8.046627e-06,0.00027939677,1.4007092e-06
ERR503143,2.1636486e-05,0.0004223287,0.0001949966,0.009386867,1.5318394e-05,0.0030082166,3.7521124e-05
ERR503285,3.0726194e-05,0.0040368736,0.0058683455,0.009296805,8.4370375e-05,0.0019494891,0.0018231273
ERR503254,6.994605e-05,0.0030649602,0.00013920665,0.0012151003,6.681681e-05,0.0048755407,6.330013e-05
ERR503981,7.748604e-07,1.3887882e-05,3.33786e-06,3.671646e-05,2.9802322e-08,1.013279e-06,1.1026859e-06
ERR503711,4.0233135e-06,0.00031751394,4.082918e-06,0.012702078,5.662441e-07,0.00011664629,6.2584877e-07
ERR503067,4.2170286e-05,0.0003452897,7.7456236e-05,0.7759149,2.938509e-05,0.00039830804,9.536743e-07
ERR503406,8.940697e-08,1.7911196e-05,4.0322542e-05,0.00010821223,0.0,1.9073486e-06,3.1292439e-06
ERR503698,6.92904e-05,0.0010562837,0.0003156364,0.0039798617,6.735325e-06,0.0014400184,0.0002734661
ERR504555,2.2649765e-06,3.8295984e-05,4.261732e-06,0.0009536147,5.9604645e-08,2.0176172e-05,6.2584877e-07
ERR503228,4.172325e-07,0.0002130568,3.758073e-05,0.0027506351,2.0861626e-07,0.00011718273,1.9967556e-06
ERR503990,0.0,2.0802021e-05,1.1920929e-07,0.00031527877,0.0,2.5331974e-06,0.0
ERR504188,1.1324883e-06,0.00039109588,0.00032693148,0.0050848126,7.1525574e-07,0.00015884638,6.3180923e-06
ERR503183,0.0,5.9634447e-05,1.8179417e-05,2.0980835e-05,1.1920929e-07,2.3245811e-06,4.172325e-07
ERR503624,5.722046e-06,0.00032234192,0.00012549758,0.009443611,2.2351742e-06,0.00035765767,3.993511e-06
ERR504159,7.1525574e-06,0.0010287762,0.0005031824,0.0017453432,1.847744e-06,0.00071814656,1.2785196e-05
ERR503941,2.9802322e-08,0.00016361475,4.2915344e-06,0.027606606,9.536743e-07,0.00012421608,3.5762787e-07
ERR504538,5.066395e-07,0.0005773902,8.827448e-05,0.0006428361,4.3809414e-06,0.00014355779,5.00679e-06
ERR504001,0.0015488863,0.02639234,0.014872432,0.10874361,5.6296587e-05,0.5511434,0.015161574
ERR503658,0.0012635291,0.040275753,4.4584274e-05,0.030551046,5.930662e-06,0.0010082126,3.3974648e-05
ERR504125,1.013279e-06,5.6803226e-05,0.00014719367,0.0010260046,1.7881393e-07,3.8534403e-05,2.18153e-05
ERR503689,0.005673498,0.047278136,0.0015673041,0.03579676,3.5881996e-05,0.021492183,7.662177e-05
ERR503076,2.0861626e-06,0.00047689676,0.006108403,0.009083599,1.1920929e-07,0.0001243949,0.0017581284
ERR503865,0.0,0.00037023425,1.7285347e-06,0.0048407316,9.23872e-07,0.9809309,9.584427e-05
ERR503361,1.2457371e-05,4.044175e-05,1.347065e-05,0.000102728605,3.874302e-07,8.672476e-06,6.4969063e-06
ERR504122,7.748604e-07,6.997585e-05,5.272031e-05,0.8693807,3.0398369e-06,0.00051888824,6.2584877e-07
ERR503071,0.00018036366,0.0013557076,0.009695083,0.0038801432,1.3709068e-06,6.5505505e-05,9.819865e-05
ERR503410,0.0006081462,0.00037193298,0.004381627,0.00043845177,2.4706125e-05,0.0008366108,0.0018183291
ERR502985,4.529953e-06,0.00023519993,4.3034554e-05,0.015208691,4.23193e-06,0.00029212236,2.9802322e-07
ERR503366,3.2782555e-06,0.00043952465,1.3709068e-06,0.0047437847,3.0040741e-05,0.01540643,1.463294e-05
ERR504249,8.7201595e-05,0.0007020831,1.2695789e-05,0.00023323298,3.874302e-07,5.90086e-06,2.014637e-05
ERR503242,0.00013974309,0.00028979778,0.00011846423,0.0009138882,5.662441e-07,6.005168e-05,5.4746866e-05
ERR503155,1.1920929e-07,0.00038951635,1.3530254e-05,9.176135e-05,2.682209e-07,1.3440847e-05,1.1920929e-07
ERR503946,1.1920929e-07,0.00013262033,2.8431416e-05,0.0004182756,2.0861626e-07,5.2571297e-05,1.9669533e-06
ERR504298,0.015964925,0.055024236,0.00019830465,0.044564843,6.839633e-05,0.0072047114,0.00034826994
ERR503651,2.0682812e-05,0.0018838644,0.0010764897,0.009133369,1.2040138e-05,0.0023950934,3.08156e-05
ERR503934,4.053116e-06,0.0004248917,0.00032007694,0.0020958781,4.4703484e-07,0.00010854006,3.993511e-06
ERR504415,0.00017753243,0.00066277385,0.008653879,0.00085517764,4.518032e-05,0.0025801957,0.0013841391
ERR503709,1.3709068e-05,0.0017826557,0.0010013878,0.06598309,9.4652176e-05,0.0038745701,6.93202e-05
ERR504296,6.5863132e-06,0.0007804632,3.3825636e-05,0.01799202,4.2885542e-05,0.0014182925,1.4305115e-06
ERR503948,0.0,2.413988e-06,8.046627e-07,0.68315065,0.0,1.1920929e-07,0.0
ERR504469,0.00010767579,0.00046926737,0.004380524,0.0010905266,2.5331974e-06,0.0022633374,0.00145334
ERR504240,0.00014567375,0.0006687641,0.00016498566,0.0002963841,5.066395e-07,3.7521124e-05,8.046627e-06
ERR504536,5.1945448e-05,0.0056409836,0.0003053546,0.0015702248,0.00050365925,0.13898867,7.0512295e-05
ERR503004,0.00015366077,0.00095912814,2.270937e-05,0.11636922,8.559227e-05,0.003275007,8.651614e-05
ERR504318,4.172325e-07,0.00011703372,1.7523766e-05,0.05532232,4.887581e-06,0.0007163286,6.2584877e-07
ERR503656,2.6524067e-06,0.00028795004,1.3381243e-05,0.0008788109,2.9802322e-07,7.432699e-05,1.3709068e-06
ERR504073,0.00016224384,0.00048199296,0.0006942153,0.02234295,1.2844801e-05,0.00023964047,0.00017097592
ERR503078,0.000111311674,0.00046002865,0.00020936131,0.031695127,7.5399876e-06,0.00044468045,5.066395e-07
ERR504412,2.8014183e-06,0.00023159385,6.1273575e-05,0.001730293,7.748604e-07,0.00057172775,7.95722e-06
ERR504275,0.0021275878,0.0018603206,0.00029206276,0.03848785,1.4781952e-05,0.0020703673,0.000292629
ERR503481,2.7120113e-05,2.7745962e-05,1.0728836e-06,0.012108952,0.0,1.1920929e-07,2.9802322e-08
ERR503450,0.0008020997,0.00022241473,0.00033560395,0.0042224824,1.1056662e-05,0.00016134977,0.0005391836
ERR503822,0.00071540475,0.0039052963,4.914403e-05,0.0018953979,8.016825e-06,0.00012469292,3.7819147e-05
ERR504209,1.7881393e-07,3.4362078e-05,0.0004298389,0.006656021,2.9802322e-07,7.414818e-05,3.784895e-06
ERR504097,2.2858381e-05,3.9726496e-05,4.2259693e-05,9.942055e-05,1.7881393e-07,2.9116869e-05,9.268522e-06
ERR502968,3.913045e-05,0.001706034,0.00020292401,0.0074297786,1.6450882e-05,0.001595825,2.0980835e-05
ERR504351,1.9490719e-05,0.0012666583,8.499622e-05,0.13178793,4.4703484e-05,0.0030569434,8.046627e-06
ERR504427,5.9604645e-08,7.2717667e-06,7.2956085e-05,0.008289337,0.0,6.2584877e-06,1.9669533e-06
ERR503205,0.0,0.00011357665,3.0696392e-06,0.01177001,5.9604645e-08,1.9192696e-05,1.4901161e-07
ERR504090,1.5944242e-05,0.00044053793,0.000105172396,0.059166282,1.1503696e-05,0.0013255179,2.4735928e-06
ERR503888,6.2584877e-06,0.00010967255,1.3113022e-06,0.0019889474,2.0861626e-07,1.6599894e-05,2.3841858e-07
ERR504504,5.3346157e-06,2.7269125e-05,4.9203634e-05,0.000947386,1.1920929e-07,0.0001308918,7.778406e-06
ERR503279,3.1977892e-05,0.004126787,0.0034049153,0.0074484944,8.6426735e-06,0.022825569,5.64456e-05
ERR503740,9.176135e-05,0.00014957786,4.9203634e-05,0.0011279881,4.053116e-06,0.00015795231,1.2606382e-05
ERR503825,6.777048e-05,0.0044712126,0.00029680133,0.0016696155,0.00022211671,0.031712323,4.976988e-05
ERR503791,9.718537e-05,0.00018069148,6.4998865e-05,0.007342756,2.0563602e-06,0.00047117472,1.1175871e-05
ERR503044,4.9233437e-05,0.00031220913,0.00013145804,0.048556358,3.7252903e-06,0.00064599514,3.6656857e-06
ERR503973,4.389882e-05,0.12391272,0.00017556548,0.05674115,0.008449197,0.00032946467,0.0023970008
ERR503160,0.0013269782,0.014349312,9.408593e-05,0.009867221,0.004400283,0.024096012,0.00033855438
ERR503974,3.2782555e-07,0.00026091933,6.7949295e-06,0.0025713444,7.1525574e-07,7.408857e-05,2.9802322e-07
ERR503270,0.0,0.00015494227,5.185604e-06,0.019158363,8.940697e-08,3.9696693e-05,1.7881393e-07
ERR504484,0.0007389486,0.005592108,0.0006443262,0.10675761,1.66893e-05,3.2424927e-05,6.368756e-05
ERR504455,1.1652708e-05,0.00037831068,9.715557e-05,0.0038956702,2.0563602e-06,0.00033399463,4.798174e-06
ERR503798,2.0861626e-07,0.00041136146,6.735325e-06,0.0016748607,3.0696392e-06,0.00013834238,2.682209e-07
ERR504110,1.847744e-06,0.00019279122,0.00011715293,0.88482225,0.00011077523,0.013233483,1.2516975e-06
ERR503092,2.9802322e-07,1.0550022e-05,1.5735626e-05,0.0007918775,3.2782555e-07,0.00016379356,1.7285347e-06
ERR503354,4.0620565e-05,0.0019569993,0.19896224,0.0014448762,3.2186508e-06,0.0036098957,0.013567597
ERR502966,0.0011610389,0.002073735,0.0025353432,0.0011638403,2.5510788e-05,0.0042565167,0.00037750602
ERR503385,0.00036901236,0.0005829632,0.00016188622,0.009801954,4.4703484e-06,0.00049325824,0.000104397535
ERR503043,3.5226345e-05,0.004673362,0.001108259,0.004467368,8.940697e-05,0.041824162,5.1230192e-05
ERR504048,3.6418438e-05,0.00038316846,9.185076e-05,0.2605314,1.5616417e-05,0.0030792058,2.4437904e-06
ERR504470,5.1259995e-06,0.0033789575,0.00013300776,0.00127244,0.0008433163,0.9455637,6.741285e-05
ERR503809,2.503395e-06,3.07858e-05,2.2023916e-05,0.00011110306,8.940697e-08,8.791685e-06,6.4074993e-06
ERR503142,0.0005168617,0.03136486,0.00072044134,0.056102186,0.00012484193,0.0010988712,0.0006940961
ERR504149,6.708503e-05,0.00037404895,4.953146e-05,0.0010848045,2.9802322e-07,7.405877e-05,2.7239323e-05
ERR503523,2.9802322e-08,1.6480684e-05,1.3411045e-06,0.0001424253,2.9802322e-08,1.9967556e-06,1.1920929e-07
ERR503980,6.6161156e-06,0.0037736893,0.0001732111,0.0017246008,0.0010983348,0.9489081,6.881356e-05
ERR503255,4.4703484e-07,0.00011956692,4.053116e-06,6.0886145e-05,1.4901161e-07,2.2649765e-06,4.4703484e-07
ERR502992,7.212162e-06,0.0013919771,0.00023600459,0.001500994,5.662441e-07,7.897615e-06,6.556511e-07
ERR503875,0.00010308623,0.00016543269,0.00025761127,0.00051498413,2.0563602e-06,0.00017222762,0.00031512976
ERR503407,3.3974648e-06,0.00077822804,0.00028207898,0.0015424788,1.3113022e-06,0.00037658215,7.480383e-06
ERR503699,2.5331974e-06,0.00019985437,2.1159649e-05,0.00027787685,4.7683716e-07,4.2647123e-05,1.3113022e-06
ERR503229,0.0007086098,0.01855588,0.00084379315,0.015162259,2.7120113e-05,0.0013148487,0.0001320839
ERR504585,1.7464161e-05,0.0017097592,0.00095734,0.0026229918,1.5556812e-05,0.003001541,2.5898218e-05
ERR503139,5.0276518e-05,0.0033491254,0.0042025447,0.007427007,8.761883e-06,0.021898448,4.2825937e-05
ERR504553,1.7881393e-07,0.003790468,0.00071918964,0.0015285909,1.680851e-05,0.00018271804,4.4703484e-07
ERR503558,2.7775764e-05,4.6670437e-05,4.6789646e-06,0.020259142,2.9802322e-08,1.1920929e-07,5.9604645e-08
ERR504301,0.00011432171,0.0018594861,2.5719404e-05,0.0006812811,6.982684e-05,0.003870517,5.942583e-05
ERR503145,0.0005339682,0.0006057024,0.00018417835,0.0022154152,1.4603138e-05,0.017406702,0.00023117661
ERR503524,7.742643e-05,0.00053581595,0.00016513467,0.01698327,4.708767e-06,0.000721246,3.6388636e-05
ERR504259,1.6093254e-06,5.3584576e-05,0.0027004182,0.36588588,2.9802322e-07,2.643466e-05,5.7905912e-05
ERR503378,1.9222498e-05,0.0002541244,5.2452087e-05,0.002030313,9.23872e-07,2.861023e-05,3.516674e-06
ERR504373,1.2487173e-05,0.00076174736,0.00015932322,0.001259476,2.8014183e-06,0.00040110946,1.4603138e-05
ERR503719,0.0,0.0002322793,2.2947788e-06,0.0012558103,1.1920929e-07,6.645918e-06,1.1920929e-07
ERR504405,1.3411045e-06,5.2064657e-05,0.00017690659,0.0005468726,1.1920929e-07,6.4492226e-05,4.1007996e-05
ERR503765,0.0,9.268522e-06,0.00012913346,0.17236686,1.1920929e-07,1.3411045e-05,3.874302e-07
ERR504479,0.00025713444,0.00041341782,3.6478043e-05,0.00029593706,1.6093254e-06,0.00010854006,2.6196241e-05
ERR504286,0.00018909574,0.0068032444,0.00026011467,0.001123786,2.4735928e-06,0.00017216802,3.1769276e-05
ERR503958,2.0861626e-07,0.00047713518,5.6028366e-06,0.010049939,1.9073486e-06,0.0001308024,1.013279e-06
ERR503762,3.427267e-06,0.00048974156,0.000103622675,0.6257728,0.0004414022,0.025717348,7.1525574e-06
ERR503014,0.00010842085,0.0008072555,5.9604645e-05,0.0004107356,2.2351742e-06,0.00049573183,1.758337e-05
ERR503475,4.7683716e-07,0.00014692545,4.172325e-06,0.00031083822,1.1920929e-07,1.5199184e-05,1.7881393e-07
ERR504250,1.4901161e-07,4.887581e-06,9.7602606e-05,0.007927865,5.9604645e-08,2.4735928e-05,2.8014183e-06
ERR504196,2.5629997e-06,0.00030106306,0.00016883016,0.0035097897,5.662441e-07,0.00016286969,2.8014183e-06
ERR503697,2.8908253e-05,0.0032291114,0.0039891303,0.009752989,9.745359e-06,0.019595414,5.108118e-05
ERR503130,4.0233135e-06,0.00088340044,0.0008778572,0.001622647,1.835823e-05,0.00034728646,2.0086765e-05
ERR503923,3.5762787e-06,0.00053837895,4.3272972e-05,0.0019540489,6.020069e-06,0.00033470988,1.1920929e-06
ERR503580,2.2560358e-05,0.0027044713,0.00024807453,0.00097072124,0.00015681982,0.00495103,3.644824e-05
ERR503757,7.3194504e-05,0.00046542287,6.151199e-05,0.00035959482,2.8014183e-06,0.0002862215,2.938509e-05
ERR503336,0.0013908148,0.0013725162,0.013836056,0.006734222,9.924173e-06,0.00027257204,3.772974e-05
ERR503518,8.3863735e-05,0.0018096864,0.0014390647,0.0144845545,6.765127e-05,0.010257393,0.017018676
ERR503179,0.00062671304,0.0015569627,0.0004901886,0.0013770163,7.987022e-06,0.0035110712,0.0006414354
ERR502978,1.847744e-06,0.000111192465,7.5399876e-06,5.3822994e-05,8.940697e-08,4.976988e-06,5.662441e-07
ERR503673,0.0011165738,0.0035038888,4.169345e-05,0.0014452934,3.0636787e-05,0.0012403727,3.811717e-05
ERR504219,0.0002156198,0.00013110042,0.00017997622,0.017576158,5.632639e-06,0.00014296174,0.00013631582
ERR503564,2.7149916e-05,0.002047509,0.00035470724,0.001283586,6.7055225e-06,0.0012470484,2.798438e-05
ERR503105,8.940697e-08,3.427267e-05,3.1888485e-06,0.012369901,5.9604645e-08,5.5909157e-05,6.2584877e-07
ERR504397,0.0002630055,0.0008548498,0.0013692677,0.0005953908,4.082918e-06,0.0016568005,0.00039938092
ERR504051,2.503395e-06,0.00016537309,1.14142895e-05,0.00048041344,2.0861626e-07,3.787875e-05,1.013279e-06
ERR504080,5.64456e-05,0.0009822249,0.0017782152,0.02169311,9.268522e-06,0.0034156442,0.007019609
ERR503898,2.4050474e-05,0.0007780194,1.1831522e-05,0.00074231625,6.1690807e-06,4.1633844e-05,7.212162e-06
ERR503215,5.438924e-05,0.00043201447,9.5158815e-05,0.0159702,3.0100346e-06,0.000503242,2.4318695e-05
ERR503835,3.2782555e-07,1.975894e-05,1.6272068e-05,0.00040769577,2.9802322e-08,2.5391579e-05,9.536743e-07
ERR503750,4.926324e-05,0.00020760298,1.7434359e-05,0.0012948811,5.662441e-07,3.1888485e-05,8.493662e-06
ERR503496,3.9041042e-06,0.00087192655,1.1205673e-05,0.00033450127,3.2782555e-07,4.9561262e-05,7.4505806e-07
ERR503331,0.00042268634,0.0028029978,0.00023639202,0.0017442405,3.1292439e-06,0.00021249056,9.819865e-05
ERR503269,1.7851591e-05,0.00038695335,1.04010105e-05,0.013694614,1.4901161e-06,0.0004993677,7.212162e-06
ERR504262,1.4901161e-07,5.6922436e-06,4.7683716e-07,1.0669231e-05,0.0,1.1920929e-07,8.940697e-08
ERR503435,0.03291151,0.048413217,7.3850155e-05,0.027640134,5.030632e-05,0.0069891214,0.00051662326
ERR503847,4.479289e-05,0.00039732456,6.723404e-05,0.017960131,3.0696392e-06,0.0003873706,4.8577785e-06
ERR504348,0.0005502701,0.00471738,0.017527908,0.0021692514,9.229779e-05,0.0028028786,0.0010267794
ERR503343,5.3346157e-06,0.0013463795,0.0017579496,0.0018778145,4.4703484e-06,0.0011763275,1.4066696e-05
ERR503028,0.0,1.9431114e-05,5.9604645e-07,0.0015238523,0.0,2.3841858e-06,0.0
ERR503498,1.347065e-05,0.00022187829,0.000897944,0.0017303526,1.4901161e-06,0.00028163195,0.00018948317
ERR504493,5.722046e-06,0.00090664625,0.0014258325,0.0034463406,3.874302e-06,0.0010331869,1.3738871e-05
ERR503267,0.00018873811,0.00047838688,0.002224952,0.0007221699,2.220273e-05,0.0002552271,0.0007889271
ERR503511,6.5505505e-05,0.0021520257,0.00010576844,0.0014504492,1.6391277e-06,3.194809e-05,9.036064e-05
ERR503170,9.536743e-07,3.9964914e-05,8.46386e-06,0.0022011101,1.7881393e-07,6.4074993e-06,3.7252903e-06
ERR504024,2.1129847e-05,4.1544437e-05,1.6868114e-05,0.0076040924,2.5629997e-06,0.00027173758,6.914139e-06
ERR503338,7.7307224e-05,0.00054591894,8.2850456e-05,0.7425358,3.015995e-05,0.00023898482,1.1026859e-06
ERR503964,0.0,1.5974045e-05,0.0003619194,0.2746579,1.1920929e-07,1.7732382e-05,1.2814999e-06
ERR503395,8.186698e-05,0.0005220771,0.00012990832,0.62347937,2.592802e-05,0.00020372868,1.2814999e-06
ERR503053,0.001188457,0.0023123622,0.00091943145,0.00047248602,3.7550926e-06,2.4229288e-05,3.33786e-06
ERR504089,0.00059887767,0.0025702417,0.00011369586,0.00088602304,4.5895576e-06,0.00016912818,2.3692846e-05
ERR503082,0.0007056892,0.013595253,8.434057e-05,0.0028378963,2.2917986e-05,0.0019048452,3.516674e-05
ERR503891,0.0015963316,0.0026305914,0.00017222762,0.014976352,1.2874603e-05,0.001449436,0.0001552701
ERR503344,1.1771917e-05,2.0354986e-05,5.066395e-07,0.015778959,0.0,5.9604645e-08,0.0
ERR503975,0.00025227666,0.041253865,0.0001899004,0.010629177,0.00018256903,0.92437965,2.130866e-05
ERR503507,0.0030993223,0.0011515617,0.002992183,0.02190587,7.390976e-06,0.00017690659,3.3676624e-06
ERR503748,0.005621344,0.0027188957,0.00050619245,0.001336813,2.5331974e-06,2.849102e-05,4.053116e-06
ERR504322,0.0077760518,0.0016906857,0.004951924,0.005360931,0.0008161962,0.001454562,0.0013955534
ERR504454,0.00016710162,0.0012319982,5.4746866e-05,0.00067028403,7.390976e-06,0.00014480948,2.6017427e-05
ERR503799,1.4901161e-07,0.00021493435,6.9737434e-06,0.0045532584,2.9802322e-07,4.056096e-05,2.3841858e-07
ERR504035,1.0162592e-05,0.00047966838,5.0216913e-05,0.00068214536,1.6093254e-06,0.00038427114,6.914139e-06
ERR503909,6.2286854e-06,0.00013497472,4.61936e-06,0.0028002858,5.9604645e-08,2.5331974e-06,8.940697e-08
ERR504111,2.1755695e-06,0.00066903234,2.0354986e-05,0.006460637,3.4421682e-05,0.0010763407,9.536743e-07
ERR503093,0.0066997707,0.041641206,0.0022377968,0.039096355,4.4435263e-05,0.029110372,9.581447e-05
ERR504098,8.6426735e-07,5.0991774e-05,3.3825636e-05,0.9845629,2.2351742e-06,0.00026753545,2.9802322e-07
ERR503880,3.2782555e-07,0.0006663501,7.3611736e-06,0.03014654,2.9444695e-05,0.0006737113,1.013279e-06
ERR503851,0.00028792024,0.00071683526,7.677078e-05,0.0004274547,1.1026859e-06,0.00011494756,8.940697e-06
ERR503856,3.8802624e-05,0.0012671351,0.02270016,0.0015056729,5.662441e-07,4.887581e-05,2.9981136e-05
ERR503424,6.386638e-05,0.0017836988,0.00019878149,0.001763314,1.9669533e-06,0.00052919984,2.130866e-05
ERR503045,8.5532665e-06,0.001974672,0.00051549077,0.012141854,3.260374e-05,0.010802716,0.00015416741
ERR503276,1.129508e-05,2.4735928e-05,1.7940998e-05,0.0023248494,2.682209e-07,9.62615e-05,2.8908253e-06
ERR503458,0.00011730194,0.0018649697,0.0453884,0.0014241934,3.7401915e-05,0.007874608,0.009460062
ERR503039,3.606081e-06,0.00012809038,3.156066e-05,0.002138406,4.7683716e-07,8.499622e-05,1.0430813e-06
ERR504032,0.00031754375,0.00460881,3.8415194e-05,0.0011726022,0.00020182133,0.034104973,0.0002720654
ERR503113,1.7285347e-05,0.00018432736,4.4345856e-05,0.00038704276,1.1384487e-05,0.048276335,0.0001527071
ERR503204,0.00792256,0.0021868348,0.0033856928,0.011992246,0.00046399236,0.0014450252,0.0016286969
ERR504091,0.0,0.00012010336,7.748604e-07,5.352497e-05,0.0,1.9669533e-06,0.0
ERR504357,2.1666288e-05,0.00024318695,0.00010213256,0.34387648,6.5267086e-06,0.0015590787,1.2516975e-06
ERR503889,0.00017294288,0.0006096959,1.9460917e-05,0.0004002452,1.1861324e-05,0.00026097894,4.0650368e-05
ERR504421,3.2186508e-06,0.00016182661,6.264448e-05,0.17317832,1.0371208e-05,0.0013412535,6.2584877e-07
ERR504386,0.0005426407,0.00043922663,0.0012671053,0.2227552,5.5104494e-05,0.00086316466,0.00019285083
ERR504040,1.1652708e-05,0.0035595894,5.066395e-07,0.00046777725,0.0,2.2351742e-06,1.3709068e-06
ERR503487,3.71933e-05,0.00010892749,1.0788441e-05,0.0001809299,8.34465e-07,1.6391277e-05,4.0233135e-06
ERR503456,8.645654e-05,0.00055140257,8.478761e-05,0.00027412176,1.3411045e-06,0.000121474266,1.1175871e-05
ERR503790,2.2530556e-05,0.0014378726,7.6293945e-06,0.05681601,0.0024969876,0.39173886,0.00014957786
ERR503509,0.0016319752,0.0010147393,0.0034910142,0.016281694,5.6028366e-06,7.7962875e-05,3.993511e-06
ERR504502,1.0251999e-05,0.0006207824,6.7174435e-05,0.080774635,9.119511e-06,0.0012307763,1.847744e-06
ERR504163,3.0100346e-06,0.00039064884,8.752942e-05,0.010081291,2.8908253e-06,0.00040343404,2.1189451e-05
ERR503480,1.1175871e-05,0.00092950463,0.001311779,0.0054204166,8.314848e-06,0.0006710589,0.00045067072
ERR503327,1.2504389e-06,0.0029931043,0.0002091508,0.948661,0.033575594,0.014481334,7.85097e-05
ERR503823,4.1216612e-05,0.0017952919,1.3023615e-05,0.00088462234,1.180172e-05,0.00027292967,2.0086765e-05
ERR503030,0.00048023462,0.006950885,0.00033524632,0.0025092363,4.5001507e-06,0.00042778254,6.723404e-05
ERR503797,4.917383e-06,0.000106066465,5.751848e-06,4.0233135e-05,0.0,2.4437904e-06,1.8775463e-06
ERR503907,0.00069361925,0.004129857,2.8401613e-05,0.024230778,9.980798e-05,0.022254497,0.00026652217
ERR503203,1.6957521e-05,0.0006019473,0.003682971,0.0016068518,6.556511e-06,9.086728e-05,0.0034812987
ERR504208,1.0430813e-06,8.3088875e-05,3.7282705e-05,0.0012645721,9.23872e-07,0.0001604557,3.4570694e-06
ERR504350,1.5974045e-05,0.0015893877,0.00016355515,0.003549695,5.930662e-06,0.00079992414,2.4914742e-05
ERR502969,8.940697e-08,2.3305416e-05,0.00032886863,0.08191913,1.4901161e-07,2.0802021e-05,8.046627e-07
ERR504426,0.00700137,0.0018217266,0.0017305911,0.0049670935,4.0233135e-06,4.6253204e-05,4.23193e-06
ERR504241,0.0035468042,0.02492711,0.039996266,0.00048398972,0.0010484755,0.00010231137,0.005714774
ERR503005,2.3454428e-05,0.0017226636,0.00034180284,0.06334761,0.00012728572,0.0043201447,4.670024e-05
ERR503464,0.0,0.00019595027,4.827976e-06,0.0007325113,5.9604645e-08,4.827976e-06,8.940697e-08
ERR503312,6.28829e-06,0.00042584538,0.00013104081,0.0064887404,3.1888485e-06,0.00031274557,5.90086e-06
ERR503657,8.687377e-05,0.0003489554,1.0251999e-05,0.0002745092,1.6987324e-06,3.951788e-05,5.543232e-06
ERR503686,2.682209e-07,0.00020471215,1.21593475e-05,0.08086857,4.798174e-06,0.00072938204,3.2782555e-07
ERR503932,0.00041532516,0.0017353296,0.00015205145,0.00057169795,3.963709e-06,0.0005775392,1.5437603e-05
ERR503418,4.23193e-06,0.0013720393,5.4836273e-05,0.0017398,3.3676624e-06,7.972121e-05,3.7252903e-06
ERR504413,6.645918e-06,2.6613474e-05,7.18236e-05,0.00027132034,4.7683716e-07,1.7344952e-05,6.508827e-05
ERR503596,4.172325e-06,0.00054621696,0.001768887,0.008740604,1.1920929e-07,2.425909e-05,0.00012266636
ERR503126,0.0029395819,0.0021550357,0.04115492,0.024961233,1.1652708e-05,0.00071951747,0.000114530325
ERR503935,1.3798475e-05,0.0021013618,0.0007636249,0.0007354319,1.0371208e-05,0.00044375658,5.0365925e-06
ERR503998,0.00061386824,0.12399086,0.005630225,0.44130856,0.010551959,0.008762777,0.015898138
ERR503774,0.010241449,0.008299381,0.03224054,0.011468768,0.004091084,0.0009056628,0.009221286
ERR504234,0.0,8.150935e-05,7.1525574e-07,4.9471855e-05,2.9802322e-08,2.2947788e-06,2.9802322e-08
ERR504123,8.940697e-08,0.0001321435,5.173683e-05,0.0011399686,4.7683716e-07,3.3468008e-05,4.4703484e-07
ERR503549,8.419156e-05,0.00061413646,0.016577214,0.000657171,2.7745962e-05,0.0012206137,0.001536727
ERR504542,1.7881393e-07,0.00021740794,1.4990568e-05,0.0042887926,2.9802322e-07,6.425381e-05,5.066395e-07
ERR503411,5.9336424e-05,0.003532976,0.00019216537,0.0021639764,6.970763e-05,0.0066557527,9.0807676e-05
ERR502984,1.013279e-06,0.0001425147,7.209182e-05,0.0013854802,6.556511e-07,0.0001873374,9.298325e-06
ERR503243,1.8298626e-05,0.0021421015,0.00055122375,0.0032854974,6.4074993e-06,0.0007522702,1.50203705e-05
ERR503622,2.2441149e-05,0.010641813,5.5760145e-05,0.007939249,1.1026859e-06,0.000102847815,2.2947788e-06
ERR503535,4.7683716e-07,0.0003553331,2.3066998e-05,0.0060367286,3.7252903e-06,0.0003503263,9.536743e-07
ERR503292,0.00023818016,0.000554502,0.00043478608,0.002208054,7.3313713e-06,0.0035423636,0.00051006675
ERR503244,0.21361169,0.0063806474,0.0007030368,0.002083689,0.00021079183,0.0010160506,0.0005695522
ERR503991,0.0011296868,0.0015276372,0.001293242,0.001553446,3.182888e-05,0.011032492,0.00027182698
ERR503182,6.198883e-06,0.00015798211,1.3977289e-05,0.036625147,1.7881393e-06,0.00020310283,7.748604e-07
ERR503153,1.9162893e-05,0.0013574064,0.0019108355,0.0029125512,8.046627e-06,0.0013914704,2.130866e-05
ERR503295,3.8057566e-05,0.0007812977,6.607175e-05,0.0006144643,3.7252903e-06,0.0005555153,1.1563301e-05
ERR503532,4.887581e-06,2.6464462e-05,1.5377998e-05,0.0023103356,3.2782555e-07,3.862381e-05,1.3411045e-06
ERR503659,0.00010514259,0.00047793984,6.7561865e-05,0.00091958046,3.182888e-05,0.011458963,8.171797e-05
ERR502983,2.8073788e-05,0.022707969,6.2584877e-07,0.0065101683,8.940697e-08,9.0420246e-05,6.2584877e-07
ERR503360,2.0861626e-07,0.00012731552,1.847744e-06,8.717179e-05,8.940697e-08,7.5101852e-06,8.940697e-08
ERR503701,2.9802322e-08,3.772974e-05,8.34465e-07,0.00015294552,0.0,3.1292439e-06,6.410458e-08
